<?xml version="1.0" encoding="ISO-8859-1"?>
<?xml-stylesheet type="text/xsl" href="Whatson.xsl"?>
<News>

    <first>
        <photo>qq/1.1.webp</photo>
        <type>Theatre</type>
        <title>To Star in Left on Tenth, Directed by Susan Stroman</title>
        <date>March 22, 2024</date>
    </first>

    <first>
        <photo>qq/1.2.webp</photo>
        <type>Reviews</type>
        <title>Water for Elephants Is First Integrated Circus Musical </title>
        <date>March 29, 2024</date>
    </first>

    <first>
        <photo>qq/1.3.webp</photo>
        <type>Theatre</type>
        <title>Jeremy Kushnier, Javier Muñoz, and More Join Raúl Esparza in New Musical Galileo</title>
        <date>March 31, 2024</date>
    </first>

    <first>
        <photo>qq/1.4.webp</photo>
        <type>Theatre</type>
        <title>Grenfell Tower Fire Play Coming to St. Ann’s Warehouse From London</title>
        <date>April 2, 2024</date>
    </first>

    <first>
        <photo>qq/1.5.webp</photo>
        <type>Music</type>
        <title>Water for Elephants to Get Cast Album From Ghostlight Records</title>
        <date>April 8, 2024</date>
    </first>

    <first>
        <photo>qq/1.6.webp</photo>
        <type>Theatre — Video</type>
        <title>First Listen: Idina Menzel in the New Musical Redwood</title>
        <date>April 8, 2024</date>
    </first>

    <first>
        <photo>qq/instead backTfuture.webp</photo>
        <type>Theatre</type>
        <title>Back to the Future North Tour Announces Its Doc Brown and Marty McFly</title>
        <date>April 9, 2024</date>
    </first>

    <first>
        <photo>qq/1.8.webp</photo>
        <type>Reviews</type>
        <title>A Family Deals With Tradition and Change in Charming One of the Good Ones</title>
        <date>April 9, 2024</date>
    </first>

    <first>
        <photo>qq/1.9.webp</photo>
        <type>Reviews</type>
        <title>A Battle of the HBO Stars in Rousing Enemy of the People</title>
        <date>April 11, 2024</date>
    </first>

    <first>
        <photo>qq/1.10.webp</photo>
        <type>Theatre</type>
        <title>Ramin Karimloo Leads Jazz-Infused Opera Songbird</title>
        <date>April 14, 2024</date>
    </first>

    <first>
        <photo>qq/1.11.webp</photo>
        <type>Reviews</type>
        <title>A Fresh Sunday in the Park With George Brims With Color and Light in New Jersey</title>
        <date>April 17, 2024</date>
    </first>

    <first>
        <photo>qq/1.12.webp</photo>
        <type>Reviews</type>
        <title>A Fresh Sunday in the Park With George Brims With Color and Light in New Jersey</title>
        <date>April 17, 2024</date>
    </first>

    <first>
        <photo>qq/1.13.webp</photo>
        <type>Theatre</type>
        <title>Fawlty Towers on stage – first look photos for the West End show</title>
        <date>April 17, 2024</date>
    </first>

    <first>
        <photo>qq/1.14.webp</photo>
        <type>Theatre</type>
        <title>Death Becomes Her musical to run on Broadway</title>
        <date>April 17, 2024</date>
    </first>

    <first>
        <photo>qq/1.15.webp</photo>
        <type>Reviews</type>
        <title>People, Places and Things review – Denise Gough leads a must-see return</title>
        <date>April 17, 2024</date>
    </first>

</News>

